Code article;Type ope;Volume;Unite;Statut;Confiance_pct;Source;Commentaire
PAM;DEC_REE;0.270;t;validé agent;96;Recyclique ventes caisse T2 (119 lignes);Remplace saisie partielle tableur 0.25 t
ECR;DEC_REE;0.032;t;validé agent;94;Recyclique ventes caisse T2 (3 lignes);
GHF;DEC_REE;0.060;t;validé agent;91;Recyclique ventes caisse T2 (1 ligne don);
GEF;DEC_REE;0.063;t;validé agent;91;Recyclique ventes caisse T2 (1 ligne);
ASL-CAT1;DEC_REE;0.100;t;validé agent;89;Recyclique — 1- Cycles et engins de déplacement non motorisés;
ASL-CAT2;DEC_REE;0.036;t;validé agent;89;Recyclique — 2- Autres ASL;
ABJ-TONA;DEC_REE;0;pièces;validé agent;97;Aucune vente T2;
ABJ-TONM;DEC_REE;1;pièces;validé agent;88;1 tondeuse à conducteur marchant;
ABJ-AUT;DEC_REE;0;pièces;validé agent;93;Aucune vente T2;
